1.,0.4392719857269697,-0.8414709848078961
1.0396827577279535,0.35403786177085034,-0.8622412828052868
1.070747652337324,0.2670050156360395,-0.8775563630848159
1.0930409897769495,0.17868743803092146,-0.888022739693024
1.1064576886289508,0.08954504721976449,-0.8941204146636093
1.1109366055134358,4.959740245412403e-8,-0.8961154911859592
1.106457694918091,-0.08954491536180409,-0.8941092665454639
1.0930410167921463,-0.17868720014663447,-0.8880288692592183
1.0707476885497327,-0.2670049275065734,-0.8775669028947191
1.0396827946704559,-0.3540379168054349,-0.8622420079588747
1.0000000045692117,-0.43927193380555674,-0.8414676511019923
0.9519076419521451,-0.52212640559592,-0.8145232066919271
0.8956758262341524,-0.6019452845653124,-0.7806327989903857
0.8316441103040215,-0.6779960178745201,-0.7390383810784318
0.7602289670123767,-0.7494744680899729,-0.6890910111154498
0.6819303230937546,-0.8155185727692882,-0.6302883668053008
0.5973363193674331,-0.8752307104182695,-0.5624420919886148
0.5071253511351543,-0.9277089342338464,-0.48566754799737105
0.4120647274862865,-0.9720838688638508,-0.40050163216220813
0.3130052857427773,-1.0075615397704092,-0.3079193117807051
0.21087168945136778,-1.0334664539311527,-0.2093107582301856
0.10664853348812618,-1.0492816491496888,-0.10644522161934775
0.001362770250012555,-1.0546815826129385,-0.0013654400573083533
-0.10393659618290908,-1.0495532905691565,0.10374908650124103
-0.20820027487928344,-1.0340039118115798,0.20670267652063573
-0.31040047850791397,-1.0083539603564602,0.30543890986163924
-0.40955128579357003,-0.9731158141827834,0.3981953279622956
-0.5047262929117754,-0.9289612358652176,0.4835685952113493
-0.5950726161731379,-0.8766817394678805,0.5605686522442099
-0.6798207007771234,-0.8171451700653101,0.6286540269327903
-0.7582898139467745,-0.7512533494079848,0.6876811326140732
-0.8298895074239466,-0.6799043769911517,0.7378548209626933
-0.8941176219739219,-0.6039614507055989,0.7796573036717778
-0.9505556040368773,-0.5242303816914629,0.8137406344058259
-0.99886200401331,-0.44144587317019257,0.8408521532627746
-1.0387650119040421,-0.3562656885747149,0.8617753041159308
-1.0700547903726572,-0.2692725779644201,0.8772242604067053
-1.0925763428069009,-0.18098215141097912,0.8878144686026629
-1.106223389875489,-0.09185562059239114,0.8940130434804072
-1.1109337110383353,-0.0023158548441422552,0.8961140536165553
-1.106686215171139,0.08723422888734225,0.8942207530227699
-1.0934999125334757,0.17639222892395162,0.8882401397938344
-1.0714348422714404,0.2647367683226834,0.8778879902676293
-1.040594905343533,0.35180905858841943,0.8627047822236404
-1.0011324417448857,0.43709663631568213,0.842081166078981
-0.9532542839497394,0.5200204153087661,0.8153035566452461
-0.8972288566746243,0.599926617269497,0.7816008396338013
-0.8333938201349613,0.676084546779697,0.7402163900883588
-0.7621635714572983,0.7476917340722183,0.6904872031448193
-0.6840358149936024,0.813887423671233,0.6319254492356746
-0.5995963605616123,0.8737746867946743,0.5643092611175209
-0.5095212774600365,0.9264509837852873,0.4877598223941869
-0.414575628838149,0.971045717398751,0.40280231124373234
-0.3156081935396786,1.0067624121439633,0.3103954038350621
-0.21354188404766827,1.0329219789669633,0.21192300186567364
-0.10935995137297422,1.0490029730547412,0.10914189461514022
-0.004088497578561397,1.0546744849436074,0.004087890497100649
0.10122377210179731,1.0498178933012756,-0.10105150589006637
0.20552729827163935,1.0345348206783314,-0.20408318041782234
0.30779347366379817,1.0091403158235874,-0.30295513776542315
0.4070350559154864,0.9741421017809262,-0.3958856726327687
0.5023239074432846,0.9302084184675757,-0.48146006507724304
0.5928051012201113,0.878128191493348,-0.5586859148176491
0.6777068386363158,0.8187678274120745,-0.6270050345161844
0.7563460553389652,0.7530288264739693,-0.6862661396728541
0.8281299807433976,0.6818097479495477,-0.7366669634865514
0.8925542221618887,0.6059750646129686,-0.7786765997013501
0.9491981428000821,0.5263323366176953,-0.8129488639004943
0.9977183936579346,0.44361811484404423,-0.8402360290655456
1.0378414580451254,0.3584921753910186,-0.8613091558298368
1.0693559981852858,0.27153913942846913,-0.8768903093317904
1.0921056821250654,0.18327623900914727,-0.8875976811618269
1.1059830384907365,0.09416588237287322,-0.8939040662064326
1.1109247529131683,0.004631706060414692,-0.8961083628948713
1.1069086901386576,-0.08492315981628856,-0.894318076444368
1.0939528242791785,-0.17409644237048125,-0.8884480281411766
1.072116105034168,-0.2624675754882678,-0.8782157342904191
1.041501248252275,-0.3495789030344502,-0.8631650714771303
1.0022592727996873,-0.43491954659191645,-0.8426912527614029
0.954595511511662,-0.5179123147169448,-0.8160793891510916
0.8987767038032168,-0.5979054084366787,-0.7825637318846139
0.8351386263851092,-0.6741700488148873,-0.7413875142665102
0.7640936043277312,-0.7459054734959731,-0.6918819661899817
0.6861371195466546,-0.812252177412934,-0.6335530205493971
0.6018526647819872,-0.8723138494614991,-0.5661695360480405
0.5119139780000324,-0.9251877062036031,-0.4898461488915238
0.4170838645247796,-0.9700017910393912,-0.40509489030050455
0.31820904318246057,-1.0059570647860911,-0.31286364362560976
0.21621066813573797,-1.0323710048771622,-0.2145291123117108
0.11207063521175303,-1.048717474605522,-0.1118353256479372
0.006814187317433648,-1.054660458650881,-0.006814251444272019
-0.0985102842345096,-1.0500755745821586,0.09835033337529692
-0.2028529635435414,-1.0350588554751938,0.2014642695427861
-0.30518443507762316,-1.0099200004151163,0.30046928679292323
-0.40451615021710785,-0.9751621507755224,0.3935752844093652
-0.49991824912606,-0.9314498692254174,0.47935553602001907
-0.5905337702837796,-0.8795695120052706,0.5568060531041399
-0.6755886789848142,-0.8203860271740147,0.6253572902100265
-0.7543975830193321,-0.7548005070960382,0.6848493724704274
-0.8263653899380466,-0.6837119990917666,0.7354730480081153
-0.8909854719150792,-0.6079861731017072,0.7776914015709028
-0.9478351029115424,-0.528432272706793,0.8121545305638301
-0.9965690274197541,-0.4457887967602519,0.8396130414158048
-1.0369120207704907,-0.3607175421799413,0.8608373313080881
-1.0686512331266933,-0.27380496821200506,0.8765525639025629
-1.0916289922219937,-0.185569915714718,0.8873789310117352
-1.1057366306327912,-0.09647600631945781,0.8937947500500055
-1.110909735914231,-0.00694766666713055,0.8961027078416678
-1.107125133554562,0.08261163932782965,0.8944166199043792
-1.0943997540968617,0.1717999677487205,0.8886531250825377
-1.0727914627564945,0.2601973907576833,0.8785373090796281
-1.0424017949187412,0.34734747779124275,0.863617631769077
-1.0033804499828167,0.4327408765829551,0.8432926826146931
-0.9559312729434701,0.5158021988579528,0.8168514413465426
-0.9003193205383689,0.5958816307899256,0.7835256123223342
-0.8368784879777098,0.6722523793078753,0.7425559749858038
-0.7660190338644833,0.7441154353393555,0.6932719045303156
-0.6882342193580504,0.8106125951303517,0.635173511864521
-0.6041052210858693,0.8708481638097701,0.5680235460873619
-0.5143034430883238,0.9239190355134848,0.4919273073955728
-0.4195894400976285,0.9689518350801147,0.40738883773058077
-0.32080785698807707,1.005145214027514,0.31533528875062966
-0.21887807642934948,1.031813139915153,0.21713346604299724
-0.11478063136587648,1.048425150489774,0.1145320290206964
-0.009539885218000518,1.0546392681121388,0.009538283487016387
0.09579608928627123,1.0503264551142246,-0.09565075080000324
0.20017723574621815,1.0355760875631994,-0.19884071500487288
0.3025733493304909,1.0106933500335,-0.29798078453379967
0.4019945780248848,0.9761762799248886,-0.3912536921908637
0.4975093595786873,0.9326859539413043,-0.47723864576598796
0.5882586962667947,0.8810060658010282,-0.5549126751267984
0.673466326889058,0.8220000423865931,-0.6236998670337666
0.7524445280368259,0.7565686020308018,-0.6834252428194841
0.8245958858149461,0.6856112075156613,-0.7342733908273972
0.8894115318688401,0.6099947446145085,-0.7767009156629296
0.9464666481338989,0.5305301916044767,-0.8113552017186321
0.9954140684851608,0.4479579198349254,-0.8389847102891336
1.0359768545565897,0.36294172129647556,-0.8603609585070721
1.0679406366146253,0.2760699400761755,-0.8762100613431868
1.091146399901499,0.1878630214512146,-0.8871564769586063
1.1054842759278738,0.09878583784512845,-0.8936814310557022
1.1108887560094565,0.009263597971110551,-0.8960933791420467
1.1073356216216539,-0.08029993093581222,-0.8945107503908537
1.0948407654152832,-0.16950301421318206,-0.8888552578788146
1.0734609691893482,-0.2579264197924575,-0.878857701980713
1.043296586360076,-0.34511491550029144,-0.8640686661422725
1.0044960029227945,-0.4305606589334943,-0.8438914290194582
0.9572615788126582,-0.5136901457551591,-0.8176178311413782
0.9018566952489611,-0.5938554641237729,-0.7844806488681179
0.8386133710022258,-0.6703317975548131,-0.743716279471553
0.7679398082897692,-0.7423219013086795,-0.6946554623979508
0.6903270436603391,-0.8089689999262838,-0.6367886506953947
0.6063539423177514,-0.86937773720997,-0.5698717744656701
0.5166895794645581,-0.9226450012869207,-0.4940044549325484
0.4220922395419333,-0.9678960189889176,-0.409672075987622
0.3234045047287252,-1.0043270249471763,-0.3177980856343461
0.22154397412069643,-1.0312486448815672,-0.219735108344992
0.1174898037437774,-1.0481256257600033,-0.1172216024424409
0.01226547079822076,-1.0546111312689486,-0.012264228291807892
-0.09308129815406169,-1.0505701007180321,0.09294795273431
-0.19750021882390162,-1.0360866020917594,0.19621685012333998
-0.29996030687008396,-1.011460184311828,0.29548456876733464
-0.3994704289906035,-0.9771844318467907,0.38893037052866536
-0.495097318125317,-0.9339165752958881,0.47511805773394866
-0.5859799565260863,-0.8824377347803772,0.5530156079482003
-0.6713398513102683,-0.8236097773812066,0.6220356355107307
-0.7504869540011544,-0.7583329985330913,0.6819950080938728
-0.822821523659696,-0.6875073163612166,0.7330674235165214
-0.8878324506801452,-0.6120007909278263,0.7757045705022383
-0.9450928197131774,-0.5326260322322307,0.8105506100959826
-0.9942535475950831,-0.4501253822014314,0.8383516881235626
-1.0350359785759171,-0.3651646173714399,0.8598804605457789
-1.0672242194671033,-0.2783339687230562,0.8758643648469865
-1.0906579084766084,-0.19015549734716278,0.88693106628019
-1.105225974021912,-0.10109532261608252,0.8935657547344695
-1.1108618075465597,-0.011579453770091848,0.8960816310231972
-1.1075401466761217,0.07798803042312395,0.8946021979485553
-1.095275846322238,0.16720557559951002,0.8890540221377015
-1.0741246048238398,0.25565470175848853,0.8791734095578496
-1.0441856020065083,0.3428812341711189,0.8645158345179859
-1.0056059136252566,0.42837892293473473,0.8444870895034857
-0.9585864194604017,0.511576050779427,0.8183800457161693
-0.903388827647426,0.5918267910988603,0.7854282583573948
-0.8403432897420597,0.6684082238099389,0.7448717192039686
-0.7698559425291736,0.7405248722900084,0.6960313745994476
-0.6924156179501009,0.8073211739709075,0.6383989855261826
-0.6085988617568828,0.8679025936306398,0.5717187758193985
-0.5190724133130804,0.9213655110881309,0.4960766009021789
-0.4245922998093459,0.9668343321577274,0.41194872539600536
-0.32599901897941874,1.0035026155318476,0.32025292948278145
-0.22420839228764483,1.0306774538857695,0.22233455650396786
-0.12019817910150968,1.0478191655990776,0.11990876160203828
-0.014990960183906506,1.0545760016868433,0.014991471043553296
0.09036590871991464,1.0508068346339998,-0.09024464271139714
0.19482192549145572,1.0365904974671418,-0.19359213659076263
0.2973453361151037,1.0122207990571312,-0.29298115364493976
0.39694374423692835,0.9781867065100299,-0.38659900630059857
0.4926821774119872,0.9351418002869466,-0.4729891431249214
0.5836976084854982,0.8838645109079496,-0.5511141687024578
0.6692093063365587,0.8252152542936769,-0.6203651910190019
0.7485249159102805,0.7600937027612719,-0.6805599583052698
0.8210423533665122,0.6894003016191143,-0.7318550205720008
0.8862482811345462,0.6140042562138752,-0.7747056530392328
0.9437136676861354,0.5347197843554332,-0.8097414015630822
0.9930875187796059,0.45229121353192375,-0.8377163831672101
1.034089448436055,0.3673862657549716,-0.8593962209694193
1.0665020404539185,0.28059709588684334,-0.8755158239138001
1.0901635785264376,0.19244736558485842,-0.8867021214648535
1.104961787031218,0.10340447578098079,-0.8934471395559679
1.1108289540210046,0.013895235592616705,-0.8960668267268788
1.1077387733656663,-0.07567593955304412,-0.8946909851231586
1.0957050627267828,-0.16490769077645115,-0.889251424216691
1.0747824375597737,-0.2533821894365137,-0.8794868561151579
1.0450689082286422,-0.34064643095363634,-0.8649591663395299
1.006710244025109,-0.4261956850805842,-0.8450775111981953
0.9599058493213367,-0.5094600821208326,-0.819137252398759
0.9049157663012432,-0.589795723610352,-0.7863729266554729
0.842068278234499,-0.6664817162596581,-0.7460217787689231
0.7717674683071436,-0.7387243212922738,-0.6974027093435454
0.6944999610397808,-0.8056692363700619,-0.640002311151929
0.6108399944699867,-0.8664226315637302,-0.5735563925070569
0.5214519649815772,-0.9200807878568449,-0.4981374985883206
0.4270896445409914,-0.9657667452030299,-0.4142201504987615
0.3285914416555452,-1.002671874474849,-0.32271172447634555
0.2268713735609768,-1.0300994251724087,-0.22493388497743616
0.12290580410139043,-1.0475057544804545,-0.12259709584118979
0.017716392380503876,-1.0545338597641836,-0.017716813942049277
-0.08764986570939377,-1.0510364446229197,0.08753874538497232
-0.19214227478477974,-1.0370874773752168,0.19095932730070658
-0.2947283339533755,-1.0129745394832075,0.29048116411395886
-0.3944143783281878,-0.9791828697805705,0.38426496408097743
-0.4902637666365797,-0.9363613909339892,0.4708597015201974
-0.5814114523858851,-0.8852864278585852,0.5492025708650432
-0.6670745006857097,-0.8268163483841602,0.6186913669114603
-0.7465582068947767,-0.761850726735973,0.6791159797896051
-0.8192581816849062,-0.6912901464434112,0.7306405854097677
-0.8846588199567456,-0.6160051409769992,0.7736989453487252
-0.9423289993537515,-0.5368114611825788,0.8089302396324708
-0.991915787088546,-0.4544553709790625,0.8370777387354816
-1.033137074439479,-0.3696067254964136,0.8589101162709021
-1.0657739147239924,-0.2828593903650977,0.8751629574598478
-1.089663235509032,-0.1947387189442111,0.886470083405834
-1.104691551899338,-0.10571343558852253,0.8933257807334131
-1.110790046920011,-0.016211104056280068,0.8960498372640016
-1.107931367402595,0.0733634874160148,0.8947764781837805
-1.0961282944449213,0.16260917635810107,0.8894444405969996
-1.0754343642829853,0.2511087552801479,0.8797966066900449
-1.0459464185463174,0.33841037077322633,0.8653992739531959
-1.0078089233560381,0.4240108225234348,0.8456645786868344
-0.9612198131493151,0.5073420370710486,0.8198907672232045
-0.9064374676844438,0.5877621095571937,0.7873122534195497
-0.8437883110405054,0.6645521174593295,0.7471665006216771
-0.7736743758151762,0.7369200778807095,0.6987677943741836
-0.6965800790127634,0.8040130891318747,0.6415972132930482
-0.6130773508148465,0.864937995029456,0.5753876146489331
-0.5238282505779931,0.9187907602287781,0.500200069011606
-0.42958427713300495,0.9646933016197703,0.41649204112014665
-0.3311817477328339,1.0018347286560978,0.32516098150046585
-0.22953287831129726,1.0295149052131312,0.22752346673182056
-0.12561262651414923,1.0471855377712054,0.12528256170520463
-0.020441727437645704,1.0544845048965323,0.020442258292870902
0.08493322105517906,1.0512592471056121,-0.0848328776555194
0.18946133563671722,1.0375775439080548,-0.1883278843660321
0.29210937893162936,1.0137220756078025,-0.2879730872846398
0.3918824457934399,0.9801729225483812,-0.3819291916470823
0.48784221138969464,0.9375755907550174,-0.4687203940666521
0.5791216399755167,0.8867033219760393,-0.5472899182846552
0.664935567898193,0.8284132139146061,-0.6170080900128767
0.7445869770583576,0.763604010438825,-0.6776681813338032
0.8174691413367549,0.6931769305056417,-0.7294175378492529
0.8830642091449883,0.618003449808424,-0.7726880205441568
0.9409389447105834,0.5389010923910238,-0.8081117915032114
0.9907384869030544,0.4566179984825507,-0.8364310704389818
1.0321789947681677,0.37182591749345745,-0.8584187551106318
1.0650399770601844,0.2851207555492798,-0.8748082768638286
1.0891570051986523,0.19702947714077781,-0.8862366628036453
1.1044153790912161,0.10802201283152277,-0.8932014099860149
1.110745177583436,0.018526855328659005,-0.8960297342649032
1.10811800160532,-0.07105090170572737,-0.8948602122759088
1.0965455952037895,-0.1603102237168615,-0.8896353943910348
1.0760804179034806,-0.24883458529959568,-0.8801038818702183
1.0468181443321949,-0.33617324672393173,-0.8658357894820067
1.0089019425570251,-0.4218245086846745,-0.84624750302019
0.9625282808656989,-0.5052221225008259,-0.8206387832204107
0.9079538831194426,-0.5857261629196524,-0.7882460421683152
0.8455033167212781,-0.6626196705369883,-0.748304773246988
0.7755765707486755,-0.735112437809734,-0.7001271565309135
0.6986558601580639,-0.802352888244916,-0.6431882221467835
0.6153108082290561,-0.8634485863701425,-0.5772136437609098
0.5262011387181014,-0.9174953565353903,-0.5022538285946807
0.4320760807008659,-0.9636138754620097,-0.4187563357007928
0.3337698513484496,-1.0009910937982545,-0.3276043816462936
0.23219285562343028,-1.028923486718563,-0.2301108149850894
0.12831862369917593,-1.0468582697515953,-0.12796895893384122
0.02316693530734054,-1.0544281185003177,-0.023164856436835857
-0.08221598975873588,-1.0514750339469268,0.08212182527434086
-0.18677912219687956,-1.0380607897713898,0.18569580795409005
-0.28948848405070493,-1.014463167681087,0.2854616205710819
-0.3893479461859235,-0.9811569596702924,0.3795852951924338
-0.48541751696383706,-0.9387842769836569,0.46657913587988553
-0.5768281642568704,-0.8881153112272939,0.5453687566805413
-0.6627925158627449,-0.83000570586185,0.6153209008083091
-0.7426112249232841,-0.7653535701826213,0.6762134624088474
-0.8156752380245824,-0.6950605205866862,0.7281880335582992
-0.8814644486109469,-0.6199991341576514,0.7716708135172463
-0.9395435049933967,-0.5409885632988873,0.807288872946421
-0.9895556102659291,-0.4587788686391244,0.8357824617712937
-1.0312151849924418,-0.3740437985369691,0.8579245310506218
-1.0643001956099332,-0.28738115980676526,0.8744502486135965
-1.088644850189944,-0.19931956767827785,0.8859998670265027
-1.1041332327446325,-0.11033024335098487,0.8930749220678067
-1.1106943128375324,-0.020842464073647392,0.8960090198918118
-1.108298642574993,0.0687381222776801,0.8949428029053194
-1.096956932618638,0.15801077899483876,0.8898235263967765
-1.076720566733758,0.24655964059380658,0.8804051552517759
-1.0476840577432336,0.33393504687626374,0.8662667078391378
-1.009989277908336,0.41963677685622436,0.8468258433153102
-0.9638312340520843,0.5031003551316295,0.8213845977001756
-0.90946499737395,0.5836878300235343,0.789178161918561
-0.8472132841967903,0.6606842617239351,0.749439244040536
-0.7774740453057236,0.7333012777904175,0.7014792868842377
-0.700727298323786,0.80068859184858,0.6447718802424537
-0.6175403631371397,0.8619544280986927,0.5790324887524677
-0.5285706195740845,0.9161947492814213,0.5042988558744093
-0.43456502995521623,0.9625287444278346,0.42101751399448434
-0.33635570310655777,1.0001412642539738,0.33005016770588236
-0.23485122371024375,1.0283253057134616,0.23270062917842416
-0.1310236896689093,1.0465239403524293,0.13065118309927792
-0.025891930977066067,1.0543645818513743,0.025891442593583044
0.0794982660481442,1.0516836362063284,-0.07941282879367363
0.1840957093935481,1.0385372357723714,-0.1830564937443175
0.2868657192494513,1.0151976030645071,-0.2829474257321546
0.38681094085391887,0.9821349296715525,-0.37723787292452493
0.48298972894103437,0.9399873538184682,-0.46443085543305446
0.5745310640840265,0.8895223363595113,-0.5434435780562259
0.6606453607876539,0.8315938204183904,-0.6136290675559561
0.7406309545849927,0.7670993487231278,-0.6747559764934028
0.8138764598054836,0.6969408954950634,-0.7269562886633527
0.8798595138631946,0.6219921397209588,-0.7706504645205318
0.938142645694324,0.5430738551563595,-0.8064617263977327
0.9883671177183868,0.46093801479284485,-0.8351288375423787
1.030245606787725,0.37626036474280894,-0.8574249301069793
1.0635545321027804,0.28964061202757085,-0.8740869633755887
1.088126733560081,0.2016090286465854,-0.8857581793550459
1.1038450757524925,0.11263813568471379,-0.8929440465211766
1.1106374149419687,0.023158047355697462,-0.8959805712074886
1.1084732612728903,-0.06642518643878789,-0.8950197860102636
1.0973622855292826,-0.15571092716296675,-0.8900102193198538
1.0773547970499322,-0.2442839038222239,-0.8807092249031243
1.0485441476400628,-0.331695648672352,-0.8666960499855981
1.0110709196347214,-0.41744745652437093,-0.8473985739854861
0.9651286644288738,-0.5009766231265731,-0.8221215640919067
0.9109708070828463,-0.5816471338752461,-0.7901010345449409
0.848918218220857,-0.6587459845796427,-0.7505689159971323
0.779366811919793,-0.7314865912534333,-0.7028296648896991
0.702794410578993,-0.7990201513659096,-0.6463505210696096
0.619766033491381,-0.8604556339775576,-0.5808463608211296
0.5309367193719369,-0.9148887673234235,-0.5063406036245467
0.4370511571264812,-0.9614377588765012,-0.42327219927046433
0.3389393425852407,-0.9992851178800081,-0.3324886097533056
0.23750803122489653,-1.0277205756902938,-0.2352847709626728
0.13372787435293587,-1.0461828083871922,-0.13333262706285945
0.028616733208437536,-1.0542941329976476,-0.02861612679008062
-0.07678003669061823,-1.0518853423356018,0.07670230961937886
-0.18141110544710062,-1.0390068833322843,0.18041628551389838
-0.28424109702648787,-1.015925560429426,0.2804290895274563
-0.38427144760747983,-0.9831067846007445,0.37488500509409733
-0.48055886775507367,-0.9411848098435243,0.46227701156774414
-0.5722303581184277,-0.8909242838218483,0.5415111308102826
-0.6584941283407916,-0.8331774609018414,0.6119292664847008
-0.7386461950084993,-0.7688412714311179,0.6732899186862761
-0.8120728408767329,-0.6988180188866691,0.7257166027905954
-0.8782494439830033,-0.6239824607087331,0.7696234078812145
-0.9367364099772373,-0.5451569766411855,0.8056294311792318
-0.9871730554439933,-0.4630954473396254,0.8344714964463772
-1.0292703083021484,-0.37847561787597284,0.8569227643806767
-1.0628030354588984,-0.29189910259128427,0.8737218887918412
-1.0876027042728287,-0.20389783996700225,0.8855151293627975
-1.103550956500267,-0.11494566247462557,0.8928119538350664
-1.1105745365385837,-0.0254735599998986,0.8959540967267714
-1.1086419026515248,0.06411200199386108,0.8950957757504502
-1.0977616916528372,0.15341054288633152,0.890192064575195
-1.0779831403187339,0.24200742528940053,0.8810047559170658
-1.0493984434579626,0.32945524112786995,0.8671213724241946
-1.012146896129787,0.4152567290459283,0.8479702567799191
-0.9664205973371708,0.4988509872807415,0.822857824358895
-0.9124713308072193,0.5796039886869411,0.7910209809630815
-0.8506181271174318,0.6568047380698616,0.7516904259150083
-0.7812548706682585,0.729668469101632,0.7041692505107114
-0.7048571922517424,0.7973477014425285,0.6479228503821537
-0.6219878079660014,0.8589521308953666,0.5826531470316527
-0.533299421028139,0.9135775405184383,0.5083764948577321
-0.43953443826432614,0.9603409084676365,0.4255201386385965
-0.341520741384312,0.9984226581244634,0.33492146512957977
-0.24016324492965768,1.0271091257607023,0.2378637485440293
-0.1364311446672692,1.0458347199452163,0.13601047279997946
-0.031341318740534155,1.0542166127225914,0.031338690812620876
0.07406132152842906,1.0520800272096742,-0.07399185831396735
0.17872532338268338,1.0394696962711347,-0.17777418224937586
0.28161462817110666,1.0166470042148528,-0.2779069196018456
0.3817294755775356,0.9840725521046562,-0.3725267694980478
0.47812494209137824,0.9423766881459834,-0.46011672191708575
0.5699260559950067,0.8923212178448328,-0.5395717174965992
0.6563388266737866,0.8347566817404121,-0.6102224599409172
0.736656953608515,0.7705793732859126,-0.6718171898310363
0.8102643873126766,0.7006919046858553,-0.7244708003061027
0.8766342437781758,0.6259700951684415,-0.7685908757504737
0.9353248012620327,0.5472379188328061,-0.8047922881836338
0.9859734255720751,0.46525115760961144,-0.8338098639510685
1.0282892904801415,0.38068955437212415,-0.8564167675741086
1.0620457056070935,0.2941566343592832,-0.8733533412532554
1.0870727614025522,0.20618601003689596,-0.8852688628081499
1.10325087334212,0.11725283572918489,-0.8926767977393566
1.110505670630035,0.027788989144173257,-0.8959235823270248
1.1088045610390238,-0.06179866034605988,-0.8951683232087163
1.0981551461962002,-0.1511097350816604,-0.8903712164760847
1.0786055921345723,-0.23973020422463784,-0.8812989599902612
1.050246938675619,-0.3272137286807615,-0.867543690727775
1.0132171978019726,-0.4130645227507458,-0.8485371312757926
0.9677070213588318,-0.49672347178626713,-0.8235882146234839
0.9139665570918363,-0.577558515979856,-0.7919348922272281
0.8523130006411057,-0.6548606440671643,-0.7528070871981177
0.7831382104350589,-0.7278468933122073,-0.7055051563987642
0.7069156289191049,-0.7956711859232392,-0.6494893810900576
0.6242056726455103,-0.8574439972149887,-0.5844541695614929
0.5356587074853861,-0.9122610616999894,-0.5104067370451774
0.44201485731285217,-0.9592382878994246,-0.4277633839724461
0.34409988254272666,-0.9975539328214235,-0.33735047392704864
0.2428168493545318,-1.0264910423449418,-0.24044021921264433
0.13913348604896386,-1.0454797298859513,-0.1386870961001605
0.03406567489265713,-1.0541320716708564,-0.034061464373250944
-0.07134213181065319,-1.0522677103520341,0.07127992521036472
-0.17603837306794978,-1.0399256762779145,0.17512942022827355
-0.27898632180861177,-1.0173619163462266,0.2753811308504157
-0.3791850336067119,-0.9850322070144131,0.370164132346913
-0.4756879610177773,-0.9435629627035348,0.45795145035172613
-0.5676181672615404,-0.8937131187381565,0.5376269227507791
-0.6541794658847999,-0.8363314711922485,0.6085100598824027
-0.7346632408853024,-0.7723136495043634,0.670338838078815
-0.8084511097379612,-0.7025625515249093,0.7232195223421867
-0.8750139236577046,-0.6279550413808037,0.7675531701963773
-0.9339078294166765,-0.5493166767364377,0.8039503908512114
-0.984768237167449,-0.4674051359917825,0.8331439631329883
-1.0273025614081523,-0.3829021601429812,0.8559070000810612
-1.0612825495666922,-0.29641318989362286,0.8729814802514214
-1.0865369108813754,-0.20847351954010615,0.8850196566745225
-1.1029448311453993,-0.11955963551634624,0.8925389623478125
-1.1104308223244812,-0.030104317577758742,0.8958907282907853
-1.108961240053278,0.05948514819888976,0.8952382815430914
-1.0985426514557168,0.14880848121023021,0.8905473502060959
-1.0792221533385928,0.2374522478074161,0.881589596566031
-1.0510896334113553,0.3249711535186653,0.8679625395633581
-1.0142818242534242,0.41087087796708455,0.849100289599319
-0.9689879350601447,0.49459408950371064,0.824314409230526
-0.9154564826698278,0.5755106971582312,0.7928439043587361
-0.8540028329914356,0.6529136821114341,0.7539178955375567
-0.7850168234027767,0.7260218921449952,0.7068349322283628
-0.7089697115936101,0.7939906479127753,0.6510499029981265
-0.6264196162421506,0.8559312256077586,0.5862489831449692
-0.5380145663926243,0.910939355728616,0.5124312128953825
-0.4444923996147436,0.9581298815688715,0.43000116405347083
-0.34667675000505677,0.9966789415595823,0.3397749287547655
-0.2454688265642334,1.025866306163866,0.24301312845195305
-0.14183487932588745,1.0451178261092688,0.14136152254523313
-0.03678978140198437,1.0540404934921437,0.03678349026432368
0.06862248821663502,1.0524483816396326,-0.06856717141013494
0.1733502750858277,1.0403748145304026,-0.1724823451327856
0.27635619774623454,1.0180702911366504,-0.2728516737425384
0.3766381401867606,0.9859857429359323,-0.3677967289879602
0.4732479412387005,0.9447436253624503,-0.45578061467975595
0.5653067065495292,0.8950999748392783,-0.535676095679173
0.6520160584029505,0.8379018143518379,-0.6067914676270287
0.7326650670982602,0.7740440828405326,-0.6688544001208286
0.8066330163905491,0.7044299415344211,-0.7219624667565383
0.8733884900632582,0.6299372824736706,-0.7665101311701861
0.9324854993433447,0.5513932357186346,-0.8031036751271431
0.9835574938471681,0.46955737066804837,-0.832473773944231
1.026310123645074,0.3851134261577937,-0.8553934433564362
1.06051356902361,0.2986687624755379,-0.872606262609017
1.0859951536595462,0.21076036337554982,-0.884767433290417
1.1026328302136408,0.12186605763149139,-0.8923983369579632
1.1103499910170704,0.03241953909448506,-0.8958551270668931
1.109111938620535,-0.05717147832571883,-0.8953055030839167
1.0989242057841897,-0.14650679527211896,-0.8907206364591369
1.079832821630981,-0.23517356145220303,-0.8818773049868404
1.0519265244281215,-0.3227275167543368,-0.8683779253881933
1.0153407711728129,-0.40867579954334016,-0.849659445050164
0.9702633330462941,-0.4924628538139868,-0.8250360537354771
0.9169411010797427,-0.5734605536410096,-0.7937478567242665
0.8556876165998506,-0.6509638730683321,-0.755023241570405
0.7868907005800644,-0.7241934751098273,-0.7081589929697867
0.7110194296275172,-0.7923060970839334,-0.6526043889492777
0.6286296267504322,-0.8544138362393809,-0.5880377609913401
0.5403669840537021,-0.9096124354745534,-0.5144499041379196
0.446967050267989,-0.957015708589901,-0.43223372443265484
0.34925132761732336,-0.9957976976286536,-0.34219500062680197
0.24811915960395045,-1.025234930752032,-0.24558276488031947
0.1445353069550419,-1.0447490165765196,-0.14403398705631043
0.03951362055560898,-1.0539418825572455,-0.039504996437338784
-0.06590240832352293,-1.0526220397616943,0.06585346437917325
-0.17066104652459702,-1.0408171052962438,0.169832908227624
-0.2737242723088951,-1.0187721185880243,0.27031860210768743
-0.37408881062994503,-0.9869331470536395,0.3654246847719866
-0.4708048968728655,-0.9459186614831865,0.45360438403558145
-0.5629916866523557,-0.8964817708415711,0.533719409043463
-0.6498486156234359,-0.8394676959755167,0.6050668310213899
-0.7306624422206863,-0.7757706586373042,0.6673639809169886
-0.804810115844253,-0.7062940608896495,0.7206996929540983
-0.8717579502284099,-0.6319168055734353,0.7654617803514029
-0.9310578170226862,-0.5534675838888655,0.8022521386587275
-0.9823412004434822,-0.47170785073214466,0.8317992841857389
-1.025311980985764,-0.38732334246436484,0.8548760865869216
-1.0597387668422644,-0.300923343036461,0.8722276857777955
-1.0854474917644459,-0.21304653322841718,0.8845122011589517
-1.1023148718091358,-0.1241720943152855,0.8922549411187178
-1.1102631773163318,-0.03473464682474102,0.8958168659318076
-1.1092566566093924,0.05485765634816112,0.8953700168445184
-1.099299808308919,0.14420468331218547,0.8908910304658075
-1.080437595351442,0.2328941538660023,0.8821619603947791
-1.0527576092308515,0.3204828291384205,0.8687898649345532
-1.0163940351250862,0.40647929878833217,0.8502146792847565
-0.9715332107870901,0.49032977574170633,0.8257532407072198
-0.918420406528335,0.5714080964523167,0.7946467883085704
-0.8573673442652692,0.6490112300137719,0.7561230241683019
-0.7887598332918722,0.7223616586702198,0.7094772623403235
-0.7130647728224345,0.7906175504488065,0.6541528537983202
-0.6308356923413754,0.8528918439344999,0.5898204596710086
-0.5427159471292066,0.9082803164709974,0.5164628047604666
-0.44943879443410034,0.9558957815705122,0.43446098732462674
-0.35182359927387685,0.9949102122653344,0.34461062092669925
-0.25076783130418107,1.024596923909503,0.24814902492811264
-0.14723475104021444,1.0443733061621907,0.14670439325152998
-0.0422371740745572,1.053836239982484,0.042225885429200964
0.06318191039531479,1.0527886823552604,-0.06313887973044552
0.16797070525091531,1.04125254265072,-0.16718116333824978
0.2710905626002392,1.0194673896453603,-0.2677819417620635
0.3715370609668992,0.9878744075966471,-0.36304800290747885
0.46835884263273375,0.9470880572425634,-0.45142274435839275
0.5606731207986175,0.8978584915672277,-0.5317568399974746
0.6476771492036708,0.8410291002839638,-0.6033361248561766
0.7286553763250042,0.7774933612047993,-0.6658675573576576
0.8029824166338112,0.7081548945742876,-0.719431181447113
0.8701223112437081,0.633893596761328,-0.7644081014487845
0.9296247882241968,0.555539708675684,-0.8013957669391152
0.9811193615418765,0.4738565650397528,-0.8311204797523074
1.024308136968536,0.3895318992813118,-0.8543549153301158
1.0589581456388582,0.30317692297936105,-0.8718457350104808
1.084893926994443,0.21533202142822455,-0.8842539458767433
1.1019909569894148,0.12647773851468247,-0.8921087616689383
1.1101703815677517,0.037049633779938376,-0.895775919365457
1.1093953936919563,-0.052543689614363294,-0.8954318184057328
1.099669458001551,-0.14190215307056503,-0.8910585505555905
1.0810364727107487,-0.23061403262038654,-0.8824435914246692
1.0535828851729652,-0.31823709918346127,-0.8691983611183545
1.0174416124988086,-0.40428138567368993,-0.8507659841869031
0.9727975635880292,-0.4881948670451015,-0.8264659620900457
0.9198943931125656,-0.5693533390815716,-0.7955407042460877
0.8590420087496584,-0.6470557675259929,-0.757217279987613
0.7906242128332179,-0.7205264574189376,-0.7107897619902147
0.7151057309216525,-0.7889250233302895,-0.6556952947758516
0.6330378011979144,-0.8513652646382289,-0.5915970920791063
0.5450614422436073,-0.9069430136717213,-0.5184699023716377
0.4519076173071116,-0.9547701144882687,-0.4366829585583895
0.354393548896116,-0.9940164971177331,-0.3470217806633903
0.25341482457671555,-1.0239522946253827,-0.25071190536627774
0.14993319378668812,-1.0439907003679252,-0.14937272828928805
0.04496042381925203,-1.053723567557614,-0.044946142304405884
-0.06046101254178098,-1.0529483072920072,0.06042344081680326
-0.1652792689679455,-1.0416811207607493,0.16452713840090663
-0.26845508557138353,-1.0201560951500774,0.2652417254303992
-0.36898290709838744,-0.9888095127078234,0.36066671663740235
-0.46590979313613456,-0.948251798803216,0.44923572649314014
-0.558351022162769,-0.899230121970261,0.5297884132599967
-0.6455016707884724,-0.8425860117508073,0.6015993656731277
-0.726643879508355,-0.7792121751728556,0.6643651368752942
-0.8011499273487059,-0.7100124278818178,0.718156931295969
-0.8684815802754777,-0.6358676423547758,0.7633490868896708
-0.9281864188052534,-0.5576095976341215,0.8005345481350779
-0.9798919818200373,-0.476003502460236,0.8304373469633807
-1.023298595222366,-0.39173908674685193,0.8538299161608555
-1.0581717081149036,-0.30542949356721977,0.871460398743913
-1.0843344612259918,-0.21761682013838357,0.8839926588120302
-1.101661086882544,-0.12878298301225924,0.8919597935203463
-1.1100716041994614,-0.03936449305308642,0.8957322873510388
-1.1095281496069145,0.05022958505345134,0.8954909088752436
-1.1000331538923647,0.139599211925908,0.8912231966503034
-1.0816294519752219,0.2283332056236292,0.8827221973882676
-1.0544023496726584,0.3159903358832173,0.8696034230245298
-1.018483499756509,0.4020820703931472,0.8513133734244959
-0.9740563868289561,0.4860581392190955,0.8271742320071032
-0.9213630549947414,0.5672962944026627,0.7964296137135447
-0.8607116028684736,0.6450974998032631,0.7583061233292747
-0.79248383055511,0.7186878864157666,0.7120964954003485
-0.7171422937329873,0.7872285314212779,0.6572317153043756
-0.635235941550039,0.8498341140682126,0.5933676566768944
-0.5474034560784281,0.9056005421925416,0.5204711870252092
-0.4543735041170169,0.9536387210928442,0.43889962271538213
-0.3569611604364392,0.9931165638422861,0.34942845631927694
-0.25606012234255343,1.02330105175249,0.25327137780526837
-0.15263061739389033,1.0436012046957908,0.15203895873371412
-0.04768335162365645,1.053603867069577,0.047665731659139815
0.057739732914574494,1.0531009125292132,-0.05770718379643091
0.16258675543457624,1.0421028338938199,-0.16187086772114476
0.26581785823703835,1.0208382260631403,-0.26269798416205004
0.36642636499226133,0.989738450619035,-0.358280851994012
0.46345776306631253,0.9494098723741203,-0.44704335055223277
0.5560254039794406,0.9005966469957096,-0.5278141422877046
0.643322192074987,0.8441384147929641,-0.5998565602090263
0.7246279619111912,0.7809270850848828,-0.6628567198230768
0.7993126566127376,0.7118666460093105,-0.7168769373253929
0.8668357645161995,0.6378389285828365,-0.7622847271641859
0.9267427146425805,0.5596772382500947,-0.7996684698482364
0.9786590659697282,0.4781486518156584,-0.8297498720432757
1.0222833593865275,0.3939448949743169,-0.8533010753775134
1.0573794569798316,0.30768104605451196,-0.8710716646047554
1.0837690963422506,0.21990092152643592,-0.8837283299150335
1.1013252626230827,0.1310878206026703,-0.891808029640876
1.1099668456426333,0.041679217688763925,-0.8956859641793588
1.1096549241001337,-0.0479153496924714,-0.8955472886077527
1.1003908950219672,-0.1372958673155762,-0.891384973805908
1.0822165314230843,-0.22605168067765347,-0.882997783084328
1.055216000161247,-0.31374254810051827,-0.8700050577158013
1.0195196933758781,-0.3998813630718258,-0.8518568554662673
0.9753096759095475,-0.48391960379971294,-0.8278780597669125
0.922826386363869,-0.5652369754039049,-0.7973135258737996
0.8623761194699797,-0.6431364407291883,-0.7593896299626685
0.7943386778431836,-0.7168459605824756,-0.7133974693071863
0.7191744510991327,-0.7855280903268742,-0.6587621169304849
0.6374301016674694,-0.8482984079812674,-0.5951321554946373
0.5497419753503627,-0.9042529171464162,-0.5224666480058765
0.4568364401299748,-0.9525016152089933,-0.4411109696088978
0.3595264178777269,-0.9922104241500259,-0.35183062783728924
0.25870370754947547,-1.0226432042340936,-0.2558274199973257
0.15532700408076475,-1.0432048247294645,-0.15470305610493823
0.050405939334197535,-1.0534771403925358,-0.050384623051826144
-0.05501808966156485,-1.053246496104217,0.05499014175505525
-0.15989318241446993,-1.0425176763952186,0.15921238406619698
-0.2631788976254459,-1.0215137734193713,0.26015074939965604
-0.36386745063774867,-0.990661209633044,0.3558904367024965
-0.4610027671347462,-0.9505622642312846,0.44484563916191533
-0.5536962795167395,-0.90195805164734,0.5258340431519907
-0.6411387247973729,-0.8456862938742425,0.5981077174629905
-0.7226076337127341,-0.7826380755145288,0.6613423081671289
-0.7974706130885167,-0.713717534164773,0.715591195311552
-0.8651848711958702,-0.6398074416676132,0.7612150131857155
-0.9252936816480659,-0.5617426179866215,0.7987975197981418
-0.9774206187149154,-0.48029200189598553,0.8290580412385288
-1.021262433129323,-0.39614931403951015,0.8527683793526192
-1.0565813949690421,-0.30993157165983226,0.8706795204220242
-1.083197834249757,-0.22218431772879108,0.8834609494790826
-1.1009834853670306,-0.1333922440580281,0.8916534634592324
-1.1098561063498151,-0.04399380073138674,0.895636945396547
-1.1097757169380669,0.045600990534047384,0.8956009580022325
-1.1007426804521943,0.13499212665806984,0.891543870918963
-1.0827977093547938,0.22376946559910044,0.8832703523238732
-1.056023834095403,0.3114937447027943,0.8704032728485341
-1.0205501898634415,0.39767927381720325,0.8523964400072657
-0.9765574262616185,0.4817792722778812,0.8285774556999
-0.9242843814441264,0.5631753950183962,0.7981924496659991
-0.8640355514392282,0.6411726041442466,0.7604678023318678
-0.7961887461229178,0.7150006948541707,0.7146926899004036
-0.7212021929047496,0.7838237156642613,0.6602865017351942
-0.6396202698611517,0.8467581621228754,0.5968905896977299
-0.5520769868165232,0.902900153679504,0.5244562748225494
-0.4592964106481615,0.9513588106828325,0.44331698778956724
-0.3620893052335853,0.9912980898067247,0.35422827435215254
-0.2613455631680535,1.0219787610703703,0.2583800082255574
-0.15802233608010655,1.0428015661298418,0.1573649907547356
-0.05312816880103323,1.0533433894839894,0.053102784860469335
0.05229610093711481,1.0533850561445102,-0.052272348499038765
0.15719856768755813,1.042925642698899,-0.15655172056912847
0.2605382207896602,1.022182728335974,-0.2576000524916991
0.3613061800558378,0.9915777781233486,-0.35349549809573355
0.45854482008956643,0.9517089607042526,-0.4426426143666041
0.5513636620823419,0.9033143209633114,-0.5238481313271757
0.6389512807302844,0.847229633474085,-0.5963528459210197
0.7205829051320313,0.7843451310329803,-0.659821903511075
0.7956238054765385,0.7155650775400244,-0.7142997008201034
0.8635289075794519,0.6417731678036112,-0.7601399357772197
0.9238393257652194,0.5638057242735287,-0.7979216856801121
0.9761766448076676,0.4824335414548985,-0.8283618407930472
1.0202358201438397,0.39835233398402287,-0.8522318144394435
1.0557775248398293,0.31218106157120984,-0.8702839539763796
1.082620676874621,0.22446700085815682,-0.8831905077161839
1.1006357562884101,0.13569624613436276,-0.8914960882971499
1.1097393867907603,0.046308235210029886,-0.8955852262762606
1.1098905279047253,-0.043286514584919035,-0.8956519174792443
1.1010885092636749,-0.13268799740471648,-0.8916999320345856
1.0833729840905557,-0.2214865681878609,-0.8835399090852638
1.0568258489541744,-0.30924393453267796,-0.8707980759144924
1.0215749857512961,-0.39547581271118554,-0.8529321364562249
0.9777996333462352,-0.4796371561229676,-0.8292724299236793
0.9257370344928555,-0.5611115661627073,-0.7990663941312135
0.8656898916970075,-0.6392060038651217,-0.7615406495605356
0.7980340268582984,-0.7131521041422748,-0.7159821634481977
0.7232255090747741,-0.7821154230416619,-0.6618048716522562
0.6418064344829437,-0.8452133922354116,-0.5986429606572713
0.5544084772732522,-0.9015422669635736,-0.5264400569223151
0.46175340100999634,-0.9502103213896786,-0.44551766610934185
0.36464980654847806,-0.9903795726313368,-0.35662137518567333
0.263985672192799,-1.0213077313221337,-0.2609291191205027
0.16071659564008392,-1.042391434632471,-0.16002473330558087
0.05585002188024343,-1.0532026163809713,-0.05582018574128703
-0.0495737848994011,-1.0535165908635402,0.04955383766635482
-0.15450292904713456,-1.0433267273238547,0.15388891027176582
-0.25789584480467653,-1.0228450820112593,0.2550459248068398
-0.3587425692966397,-0.9924881445342688,0.35109606359708084
-0.45608393671346503,-0.9528499481814439,0.44043429834196485
-0.5490275650219264,-0.9046654400248455,0.5218564224187822
-0.6367598716880888,-0.848768418096654,0.5945919541789555
-0.7185537864277206,-0.786048236217979,0.6582955075388576
-0.7937722425154141,-0.7174092613167624,0.713002449466045
-0.8618678809675973,-0.643736093163013,0.7590594857814357
-0.9223796529700863,-0.5658665445093983,0.7970409551958877
-0.9749271490292674,-0.4845732592113017,0.8276612569488829
-1.0192035241490538,-0.4005539448141103,0.851691366997772
-1.0549678493724144,-0.3144295069451266,0.8698849530620749
-1.0820376261635052,-0.2267489630017948,0.88291699485831
-1.1002820765801062,-0.13799981957054167,0.89133589750139
-1.1096166874534217,-0.04862251414275825,0.8955308021505937
-1.1099993568023543,0.04097192884937359,0.8957001674463347
-1.1014283805560803,0.13038348670089162,0.8918532693719494
-1.0839423539708664,0.21920299623498815,0.8838064573219321
-1.0576220422396447,0.3069931264141364,0.8711894744491167
-1.0225940775977764,0.39327098981093755,0.8534639542867795
-0.9790362926543232,0.4774932667766938,0.8299629926059594
-0.9271843398009803,0.5590455017282521,0.7999353682730987
-0.8673391331999589,0.6372366536855127,0.7626081806518087
-0.7998745115521193,0.7113002033432443,0.7172658962149637
-0.7252443895747664,0.7804032280624217,0.6633172286553465
-0.6439885839256961,0.8436641140580599,0.6003892696981281
-0.5567364335565195,0.9001792721975519,0.5284179837692806
-0.46420739659006605,0.9490561612333829,0.4477129933474101
-0.3672079058978898,0.9894548844956055,0.35900990961865703
-0.26662401764205873,1.0206301241104094,0.2634747292333173
-0.1634097650242038,1.0419744360500829,0.16268225432467429
-0.058571480433661983,1.0530548232019075,0.05853679428466814
0.0468511597108269,1.0536410985622289,-0.04683464293169548
0.15180628430019447,1.0437209248742332,-0.1512239862367899
0.2552517867678512,1.0235008257246405,-0.25248839771136167
0.3561766344397098,0.9933922973822341,-0.3486921605967564
0.4536201318239456,0.953985213108315,-0.4382207132367878
0.5466880017194584,0.9060113939526364,-0.5198589320073653
0.6345645095248441,0.8503026322678723,-0.5928250508073869
0.7165202878980543,0.7877473756513451,-0.6567631219202005
0.7919159329818161,0.7192500706661756,-0.7116994368438806
0.8602017986964977,0.6456962038943198,-0.7579736540405195
0.920914669271162,0.5679250660611437,-0.7961553160491646
0.9736721361899996,0.48671114384863035,-0.8269562759492031
1.018165548889684,0.40275413650101444,-0.8511470233883555
1.054152371369794,0.3166768989070188,-0.8694825054675721
1.0814486840834603,0.22903019622201348,-0.8826404011333966
1.0999224474537364,0.14030295708836732,-0.8911728844137238
1.109488008843757,0.05093663053551045,-0.89547366833974
1.1101022034512773,-0.03865724033077362,-0.8957457083165861
1.1017622934473492,-0.12807860159102044,-0.8920038833477135
1.0845058173563622,-0.21691875752074025,-0.884070000989595
1.058412411476683,-0.3047413291513528,-0.871577475975673
1.0236074619872355,-0.39106481514911345,-0.8539919029584895
0.9802673997063805,-0.47534761565431133,-0.8306491538909665
0.928626291692843,-0.5569772145831698,-0.8007993811091545
0.8689832689405352,-0.6352645673752199,-0.7636704046318632
0.8017101917457957,-0.7094450073368187,-0.7185438944575508
0.7272588244108539,-0.7786871463243847,-0.6648235747067212
0.6461667066231579,-0.8421103433256106,-0.6021295181555417
0.5590608425419274,-0.8988111846069974,-0.5303900448214185
0.4666583827993255,-0.947896344147162,-0.44990295830789195
0.3697635873883623,-0.9885240373245129,-0.3613938569392525
0.26926058255826457,-1.0199459486163966,-0.26601681513190406
0.16610182651147487,-1.041550576270407,-0.1653375243915278
0.0612925263291607,-1.0529000121470309,-0.06125257910811571
-0.04412824353759014,-1.0537585776279768,0.044114797967442
-0.14910865126717399,-1.0441082300399964,0.14855698151889607
-0.25260606379852624,-1.0241499508375986,0.2499275025589406
-0.3536083915938605,-0.9942902252531035,0.3462838165093055
-0.45115342027307015,-0.9551147419885214,0.4360018811980496
-0.5443449855969432,-0.9073521679089644,0.5178556756669257
-0.6323652061343601,-0.851832260535742,0.5910521443943977
-0.7144824198808611,-0.7894425339203058,0.6552247483175855
-0.790054885690596,-0.7210874907471573,0.7103906585730184
-0.8585306681379758,-0.6476534861232658,0.7568824313883695
-0.9194443807094747,-0.5699812762646741,0.7952647559359078
-0.9724116111293799,-0.4888471840146893,0.82624688404562
-1.0171218981363213,-0.40495289898127407,0.850598769966747
-1.0533310936579086,-0.31892322855064087,0.8690765989871568
-1.080853852622044,-0.23131069255603748,0.8823607167715066
-1.0995568701397227,-0.14260565139271855,0.8910070423762602
-1.1093533514858167,-0.05325057738229946,0.8954138201664501
-1.1101990676899274,0.03634245603115173,0.8957885405002111
-1.1020902470736502,0.12577334911832042,0.8921517743728464
-1.085063372627824,0.2146338598150639,0.8843305440426565
-1.0591969542129696,0.30248855152890286,0.871962088019712
-1.0246151355299977,0.388857298733421,0.8545159919304193
-0.9814929500525262,0.4732002141447702,0.831330923940629
-0.9300628845261093,0.5549067175719818,0.801658441652905
-0.8706222919468878,0.6332897586805263,0.764727330518687
-0.8035410590194096,0.7075865309859393,0.7198161644438797
-0.7292688036296643,0.7769671934201557,0.6663239117713947
-0.6483407910500434,0.8405520957689366,0.6038637073578654
-0.56138169114473,0.8974380194447561,0.5323562295425808
-0.46910634508512167,0.9467308840917883,0.452087549780235
-0.37231683515777303,0.987587043096921,0.3637731964443299
-0.2718953500080516,1.0192552140820803,0.26855535338621744
-0.16879276239666455,1.0411198612570283,0.1679905140784318
-0.06401314144079351,1.0527381854965214,0.06396750881184379
0.041405054549487216,1.053869026536684,-0.04139433642118455
0.14641004778168237,1.0444886375963345,-0.14588792917929091
0.2499586930378502,1.0247924487917615,-0.247363270718222
0.3510378568968563,0.9951819168049949,-0.3438710587341316
0.44868381694740256,0.9562385213830878,-0.4337778243678871
0.5419985301143505,0.9086877470957427,-0.5158466689856226
0.6301619734499988,0.8533572874717507,-0.5892732435105819
0.7124401927535415,0.7911336956159377,-0.6536803884075916
0.7881891094947177,0.7229215067092124,-0.7090761102407697
0.8568544966996339,0.6496079259515061,-0.7557858086720923
0.9179687933586783,0.5720351624238488,-0.7943692625643104
0.9711455787161556,0.4909813683225626,-0.825533067480582
1.0160725756855207,0.40715022215602886,-0.8500465930975531
1.0525040190856627,0.32116848693871786,-0.8686672214100327
1.0802531337873886,0.2335904440160403,-0.8820779320016563
1.0991853458873337,0.1449078951713245,-0.8908383647333411
1.1092127159217546,0.05556434766525832,-0.8953512529535336
1.1102899493748342,-0.034027582951322126,-0.8958286644096382
1.102412240589371,-0.12346773632478493,-0.8922969428586099
1.085615018186123,-0.21234831087748243,-0.8845880904375922
1.0599756680189178,-0.3002348023115818,-0.8723433181066131
1.025617094862309,-0.386648450547271,-0.8550362306667205
0.9827129392723557,-0.47105107361020804,-0.8320083128956122
0.931494112691786,-0.5528340235155582,-0.802512558915844
0.8722561952828414,-0.631312241323986,-0.7657789673367875
0.8053671049916362,-0.70572478913753,-0.7210827124255835
0.7312743173183905,-0.7752433849365042,-0.6678182418141935
0.6505108257220006,-0.8389893871155385,-0.6055918386401604
0.5636989663199815,-0.8960597919902995,-0.5343165273954824
0.4715512689312146,-0.9455597950574314,-0.454266756564533
0.3748676333753814,-0.9866439138439723,-0.36614790741700626
0.27452830308239906,-1.018557929809531,-0.2710903205666423
0.17148255499049403,-1.0406822970499476,-0.17064119396917393
0.06673330764907856,-1.0525693456121983,-0.06668155200416767
-0.038681610919753875,-1.053972443849515,0.03867329196904218
-0.14371049169023176,-1.0448621424045108,0.14321686226716895
-0.24730969164859118,-1.0254283111107643,0.2447957335434459
-0.3484650465153046,-0.9960673607674996,0.3414539146523782
-0.4462113367677919,-0.9573565379100066,0.4315485649032878
-0.5396486487695632,-0.9100181167561475,0.5138319275386368
-0.6279548234447065,-0.8548776976695078,0.5874883567320328
-0.7103936169331156,-0.7928208453345211,0.652130043855574
-0.7863186132853486,-0.7247521036895505,0.7077557874633097
-0.8551732918247874,-0.6515595094578712,0.7546837767295054
-0.9164879133251559,-0.5740867118113139,0.7934688236380828
-0.9698740438484371,-0.4931136853498576,0.824814812500296
-1.0150175853599093,-0.4093460958916372,0.8494904791398046
-1.051671150525041,-0.3234126651023773,0.8682543605328282
-1.0796465296082418,-0.23586944258916456,0.881792037053638
-1.0988078759647333,-0.1472096810949543,0.8906668448274592
-1.109066102711867,-0.05787793435460066,0.8952859620236789
-1.1103748483806226,0.03171262809092132,0.895866080455412
-1.102728273167124,0.12116177025113371,0.8924393892171452
-1.0861607524522214,0.21006211845712347,0.8848426441284842
-1.0607485504876126,0.2979800902446796,0.8727211737608619
-1.0266133366462682,0.3844382805489655,0.8555526286241109
-0.9839273629749052,0.4689002053866269,0.8326813309190368
-0.9329199706140616,0.5507591451550524,0.8033618251050783
-0.8738849720477976,0.6293320290045995,0.7668253241046525
-0.8071883213196553,0.703859796621445,0.7223435446698377
-0.7332753556047226,0.7735157364550789,0.6693065667997788
-0.6526767991955343,0.8374222330888862,0.6073139133341481
-0.5660126550625595,0.8946765175497433,0.536270927836652
-0.4739931398579509,0.9443830910625685,0.4564405674573958
-0.37741596624195206,0.985694661650735,0.36851796915260193
-0.2771594248968454,1.0178541051610945,0.2736216932431505
-0.17417118661975742,1.0402378897647464,0.17328953464383812
-0.06945300684117094,1.0523934949373297,0.06939467730812247
0.03595793082479404,1.0540688282156199,-0.03595169826830116
0.14101000085219872,1.0452287394110116,-0.14054381383565484
0.24465907681490737,1.0260575293991887,-0.2422249223926886
0.34588997664452825,0.9969465459399113,-0.33903241167953635
0.4437359946892028,0.9584687782452672,-0.42931412495323124
0.5372953550981647,0.9113432621737494,-0.511811466905506
0.6257437681309345,0.8563934757451241,-0.5856974926355109
0.7083427028760783,0.7945039676768786,-0.6505737163311865
0.7844434059918671,0.7265792668149804,-0.7064296858425804
0.8534870609925779,0.6535082226975923,-0.7535763264075822
0.9150017467480368,0.5761359116685456,-0.7925634268498903
0.968597011453808,0.495244123638847,-0.8240921053527984
1.0139569310082348,0.41154051001941194,-0.848930414455466
1.0508324908711904,0.32565575404151453,-0.8678380041499669
1.079034042134046,0.23814768023746818,-0.8815030221585541
1.0984244616590126,0.14951100181733798,-0.8904924760027413
1.1089135124346203,0.060191330408581406,-0.8952179427000789
1.1104537646000094,-0.029397598448297237,-0.8959007890490513
1.1030383439977272,-0.11885545793691074,-0.8925791138601354
1.0867005738671307,-0.20777529029269606,-0.8850942090702404
1.0615155992347842,-0.2957244240536979,-0.8730956625067402
1.0276038575697417,-0.3822267986723671,-0.8560651952621099
0.9851362167985941,-0.4667476207832679,-0.8333499881602564
0.9343404527496936,-0.5486820948391086,-0.8042063615315799
0.875508615376724,-0.6273491353976868,-0.7678664098419201
0.8090046996991919,-0.7019915682512405,-0.7235986674354958
0.7352719086568251,-0.7717842635520027,-0.6707888886932389
0.6548387000681164,-0.8358506494084643,-0.6090299327666185
0.5683227444072192,-0.8932882114568972,-0.5382194203466273
0.47643194342226036,-0.9432007861541701,-0.45860897125020594
0.37996181798995327,-0.9847392986552984,-0.370883360944636
0.2797886985915391,-1.0171437495595024,-0.27614944798774566
0.17685863962762366,-1.0397866455927394,-0.17593550667761745
0.07217222091104059,-1.0522106359957666,-0.07210685333951866
-0.0332340324439222,-1.0541581783707836,0.03322958898587604
-0.13830859313938382,-1.0455884236479163,0.13786881693500896
-0.24200686574214325,-1.0266800953427218,0.23965086862906626
-0.3433126635082112,-0.9978194611935439,0.33660657720565457
-0.4412578057006443,-0.9595752291227467,0.42707452664936885
-0.5349386626734217,-0.9126631686727537,0.5097853026638508
-0.6235288195605652,-0.8579046063372763,0.5839006597964979
-0.7062874610785357,-0.7961830472483631,0.6490114075093123
-0.7825634965818632,-0.7284029812012147,0.705097800983476
-0.8517958117180747,-0.6554540517028761,0.7524634485388471
-0.913510299799344,-0.578182749204943,0.7916530599152571
-0.9673144864893571,-0.49737267169654964,0.8233649322897862
-1.012890616505487,-0.4137334543356511,0.8483663854070693
-1.0499880430424597,-0.32789774472485667,0.8674181400513588
-1.0784156734350097,-0.24042514889793487,0.8812108775471411
-1.0980351042762395,-0.15181184997518918,0.8903152516029388
-1.1087549456866792,-0.06250452877356369,0.8951471903063334
-1.1105266979437964,0.02708250102060908,0.8959327906020642
-1.1033424522902144,0.11654880642037993,0.8927161171988435
-1.0872344808918755,0.2054878341125246,0.8853427892177637
-1.0622768118987402,0.29346781244465114,0.87346679186853
-1.028588654346319,0.3800140148266583,0.856573940040722
-0.9863394964110946,0.46459333108297046,0.8340142947691194
-0.9357555535873363,0.5466028848525967,0.8050461570968241
-0.8771271184400247,0.6253635741548772,0.7689022335730796
-0.8108162318644166,0.7001201188240159,0.7248480869807259
-0.7372639666833631,0.7700489817978295,0.6722652094587674
-0.6569965169780443,0.8342746517905582,0.610739898283512
-0.5706292214287024,0.8918948890710071,0.5401619943617182
-0.47886766521775403,0.9420128944084502,0.4607719567572841
-0.3825051728836688,0.9837778370488596,0.373244062083023
-0.28241610733151457,1.0164268724876866,0.278673561369084
-0.17954489637373588,1.0393285708016025,0.178579080664377
-0.07489093175976574,1.0520207713919514,0.07481804869367413
0.030509933959201443,1.0542404931384384,-0.030506997760833814
0.1356062864359135,1.0459411902327274,-0.13519190461882408
0.23935307565659164,1.0272960007087266,-0.23707360359616864
0.34073312335842093,0.9986860954704246,-0.334176438630079
0.43877678482494226,0.9606758773333794,-0.42482979213849037
0.5325785851061795,0.9139778216178762,-0.5077534503949117
0.6213099898248466,0.8594110741071134,-0.5820978667938856
0.7042279020760703,0.7978580686593604,-0.6474431190504841
0.780678894061239,0.7302232319528594,-0.7037601284946781
0.8500995515522547,0.6573969824823351,-0.7513451339680033
0.9120135786840553,0.5802272115987845,-0.7907377105375523
0.9660264739418092,0.49949931799489,-0.8226332795545558
1.0118186457529796,0.4159249186016405,-0.8477983783590507
1.0491378099805406,0.3301386280895996,-0.8669947560329779
1.0777914256021504,0.24270184048252713,-0.8809155934520115
1.0976398051415102,0.15411221818813559,-0.8901351649744835
1.1085904030829379,0.06481752238403306,-0.8950737001657152
1.1105936483411476,-0.024767343132985432,-0.8959618343998595
1.103640597271821,-0.11424182273864279,-0.8928503996445494
1.08776247200749,-0.2031997576344543,-0.8855883885261655
1.063032186140312,-0.2912102641037519,-0.8738345693697526
1.02956772371526,-0.37779993889633,-0.8570788724206634
0.9875371975093417,-0.46243734754202104,-0.8346742608939255
0.9371652676475097,-0.5445215274673834,-0.8058812219630372
0.8787404744435484,-0.6233753589043292,-0.7699328043114052
0.812622909587879,-0.6982454631204368,-0.7260918095638267
0.7392515199334584,-0.7683099067575703,-0.6737355310579921
0.6591502386045389,-0.8326942559468472,-0.6124438112054231
0.5729320732417711,-0.8904965657797155,-0.5420986393713361
0.48130029087480686,-0.9408194299292505,-0.46292951275662103
0.38504601521930304,-0.9828102890761156,-0.37560005186991796
0.2850416343067856,-1.015703483489011,-0.28119400996026717
0.1822299392344881,-1.0388636717346837,-0.18122022719833877
0.07760912129561885,-1.0518239038121031,-0.07752823199313584
-0.027785653555177578,-1.0543157714281683,0.027783958265200633
-0.1329030986380304,-1.0462870343685788,0.13251310993527315
-0.23669772380529808,-1.027905237345467,0.23449315864644027
-0.3381513724752566,-0.9995464377838931,0.33174202333889
-0.43629294711867583,-0.9617707097254802,0.4225799435789707
-0.5302151360446552,-0.9152872064146773,0.505715925668298
-0.6190872910543829,-0.8609128637383711,0.5802891222030173
-0.7021640364437792,-0.7995290165248021,0.6458688526170631
-0.778789607474157,-0.7320400041636241,0.7024166639822071
-0.8483982880821421,-0.6593370010211353,0.7502213735483898
-0.9105115896401333,-0.5822692859969479,0.7898173664180329
-0.9647329788276228,-0.5016240509703767,0.8218971333964822
-1.0107410226784261,-0.4181148925437545,0.8472263796725217
-1.0482817946504972,-0.33237839504163535,0.8665678398947806
-1.0771613007473761,-0.24497774687817025,0.8806171601035605
-1.0972385655989725,-0.15641209905891063,0.8899522094589324
-1.1084198852565568,-0.06713030416245769,0.8949974676022926
-1.110654615740349,0.02245213196603424,0.8959882958127108
-1.1039327781879902,0.11193451392750577,0.8929819616094249
-1.0882845457149593,0.20091106856609797,0.8858310109486238
-1.0637817196428143,0.288951787697603,0.8741990025333779
-1.0305410624413829,0.37558458074112566,0.8575800018572848
-0.988729315819421,0.46027968139026637,0.8353298966891773
-0.9385695894825381,0.5424380349288114,0.8067115662876101
-0.8803486861285109,0.6213844227451307,0.7709619042707226
-0.8144247364672995,0.6963675099958686,0.7273309218676228